Gene,SNP_ID,Amp_ID,REF,ALT,chrom,SNP_pos_hg38
ANXA5,rs2306413,AMPL587788,T,C,4,121696338
ATP1B1,rs10800424,AMPL587857,T,C,1,169288186
CARM1,rs67987899,AMPL587792,C,T,19,10856102
CNN2,rs4807440,AMPL587791,G,T,19,1026478
COL18A1,rs35205716,AMPL590828,C,T,21,45406897
COL18A1,rs78667666,AMPL587799,AG,A,21,45407060
CPNE1,rs2104417,AMPL587794,G,A,20,35540122
CPNE1,rs73905926,AMPL587795,G,C,20,35664060
CPNE1,rs6121020,AMPL587795,C,T,20,35664084
CPNE1,rs2295355,AMPL587796,A,G,20,35664732
EMC4,rs6495621,AMPL587790,G,T,15,34210110
EPB41L2,rs3903759,AMPL587789,C,A,6,131199854
GOT2,rs11558171,AMPL587820,C,A,16,58734225
GOT2,rs727484,AMPL587821,G,C,16,58756568
GULP1,rs6712056,AMPL587815,A,T,2,188303828
LTA4H,rs3834482,AMPL587865,T,TCGG,12,96037761
PDLIM1,rs10218877,AMPL587864,C,A,10,95196239
PSME2,rs2236352,AMPL587866,T,C,14,24141524
ROR1,rs7517350,AMPL587855,G,T,1,63775269
RTN4,rs2044291,AMPL587813,A,G,2,55020818
RTN4,rs2968787,AMPL587814,C,T,2,55038649
SPINT2,rs17554832,AMPL587824,G,A,19,38264308
STAU1,rs2252259,AMPL587830,T,G,20,49046286
STAU1,rs7266044,AMPL587831,A,G,20,49274119
STAU1,rs3818066,AMPL587832,G,A,20,49278429
TSTD1,rs10908821,AMPL587856,C,G,1,161038745
UBE2E1,rs7651576,AMPL587787,A,G,3,23743569
YWHAB,rs6031849,AMPL587797,G,T,20,44885696
YWHAB,rs2072726,AMPL587798,G,T,20,44909956
ATF4,control,AMPL590829,C,G,22,39521556
SOX11,control,AMPL590824,C,A,2,5692808
SOX12,control,AMPL590827,C,A,20,326725
MYH10,control,AMPL590826,A,C,17,8622917
SOX4,control,AMPL590825,C,A,6,21594918